<?xml version="1.0" encoding="UTF-8"?>
<con:soapui-project id="00846661-b45d-4946-964d-7d1f7e6f93ef" activeEnvironment="Default" name="Security Token" resourceRoot="${projectDir}" soapui-version="5.3.0" abortOnError="false" runType="SEQUENTIAL" xmlns:con="http://eviware.com/soapui/config"><con:settings/><con:interface xsi:type="con:RestService" id="efcf3ce1-148f-4d42-bf9d-1e44f0dbcafa" wadlVersion="http://wadl.dev.java.net/2009/02" name="http://localhost:8080" type="rest" xmlns:xsi="http://www.w3.org/2001/XMLSchema-instance"><con:settings/><con:definitionCache type="TEXT" rootPart=""/><con:endpoints><con:endpoint>http://localhost:8080</con:endpoint></con:endpoints><con:resource name="List" path="/api/person/list" id="52e9bc8d-79eb-4567-a119-6b55909d6c62"><con:settings/><con:parameters/><con:method name="List" id="a75d1978-96f9-4f84-be01-1879b4eb6f7f" method="GET"><con:settings/><con:parameters/><con:representation type="FAULT"><con:mediaType>application/json;charset=UTF-8</con:mediaType><con:status>401 500</con:status><con:params/><con:element xmlns:list="http://localhost/api/person/list">list:Fault</con:element></con:representation><con:representation type="RESPONSE"><con:mediaType>text/plain;charset=UTF-8</con:mediaType><con:status>200</con:status><con:params/><con:element>data</con:element></con:representation><con:representation type="REQUEST"><con:mediaType>application/json</con:mediaType><con:params/></con:representation><con:representation type="FAULT"><con:mediaType>application/hal+json;charset=UTF-8</con:mediaType><con:status>404</con:status><con:params/><con:element xmlns:list="http://localhost/api/person/list">list:Fault</con:element></con:representation><con:representation type="RESPONSE"><con:mediaType xsi:nil="true"/><con:status>200</con:status><con:params/><con:element>data</con:element></con:representation><con:representation type="RESPONSE"><con:mediaType xsi:nil="true"/><con:status>200</con:status><con:params/><con:element>data</con:element></con:representation><con:representation type="RESPONSE"><con:mediaType xsi:nil="true"/><con:status>200</con:status><con:params/><con:element>data</con:element></con:representation><con:representation type="RESPONSE"><con:mediaType xsi:nil="true"/><con:status>200</con:status><con:params/><con:element>data</con:element></con:representation><con:representation type="RESPONSE"><con:mediaType>application/json;charset=UTF-8</con:mediaType><con:status>200</con:status><con:params/><con:element>Response</con:element></con:representation><con:representation type="RESPONSE"><con:mediaType xsi:nil="true"/><con:status>200</con:status><con:params/><con:element>data</con:element></con:representation><con:request name="Request 1" id="29ae21b9-2d05-469e-97bf-9085a0c41e25" mediaType="application/json" postQueryString="false"><con:settings><con:setting id="com.eviware.soapui.impl.wsdl.WsdlRequest@request-headers">&lt;xml-fragment/></con:setting></con:settings><con:endpoint>http://localhost:8080</con:endpoint><con:request/><con:originalUri>http://localhost/api/person/list</con:originalUri><con:credentials><con:username>admin</con:username><con:password>admin</con:password><con:selectedAuthProfile>Basic</con:selectedAuthProfile><con:addedBasicAuthenticationTypes>Basic</con:addedBasicAuthenticationTypes><con:preemptive>true</con:preemptive><con:authType>Preemptive</con:authType></con:credentials><con:jmsConfig JMSDeliveryMode="PERSISTENT"/><con:jmsPropertyConfig/><con:parameters/></con:request></con:method></con:resource></con:interface><con:interface xsi:type="con:RestService" id="fe94ced9-3e54-48f2-9d4e-339b8d71bf80" wadlVersion="http://wadl.dev.java.net/2009/02" name="http://localhost:8080" type="rest" xmlns:xsi="http://www.w3.org/2001/XMLSchema-instance"><con:settings/><con:definitionCache type="TEXT" rootPart=""/><con:endpoints><con:endpoint>http://localhost:8080</con:endpoint></con:endpoints><con:resource name="Login" path="/api/user/login" id="971131ab-2c89-4b24-8e08-81d06e46ae0c"><con:settings/><con:parameters/><con:method name="Login" id="b799e143-f3b7-4f86-b1d4-092b63c8b678" method="POST"><con:settings/><con:parameters/><con:representation type="RESPONSE"><con:mediaType>text/plain;charset=UTF-8</con:mediaType><con:status>200</con:status><con:params/><con:element>data</con:element></con:representation><con:representation type="REQUEST"><con:mediaType>application/json</con:mediaType><con:params/></con:representation><con:representation type="RESPONSE"><con:mediaType xsi:nil="true"/><con:status>200</con:status><con:params/><con:element>data</con:element></con:representation><con:representation type="RESPONSE"><con:mediaType xsi:nil="true"/><con:status>200</con:status><con:params/><con:element>data</con:element></con:representation><con:representation type="RESPONSE"><con:mediaType xsi:nil="true"/><con:status>200</con:status><con:params/><con:element>data</con:element></con:representation><con:representation type="RESPONSE"><con:mediaType xsi:nil="true"/><con:status>200</con:status><con:params/><con:element>data</con:element></con:representation><con:representation type="RESPONSE"><con:mediaType xsi:nil="true"/><con:status>200</con:status><con:params/><con:element>data</con:element></con:representation><con:representation type="RESPONSE"><con:mediaType xsi:nil="true"/><con:status>200</con:status><con:params/><con:element>data</con:element></con:representation><con:representation type="RESPONSE"><con:mediaType xsi:nil="true"/><con:status>200</con:status><con:params/><con:element>data</con:element></con:representation><con:representation type="RESPONSE"><con:mediaType xsi:nil="true"/><con:status>200</con:status><con:params/><con:element>data</con:element></con:representation><con:representation type="RESPONSE"><con:mediaType xsi:nil="true"/><con:status>200</con:status><con:params/><con:element>data</con:element></con:representation><con:request name="Request 1" id="107eb0fa-3242-4c10-a199-4558d9444fcf" mediaType="application/json" postQueryString="false"><con:settings><con:setting id="com.eviware.soapui.impl.wsdl.WsdlRequest@request-headers">&lt;xml-fragment xmlns:con="http://eviware.com/soapui/config">
  &lt;con:entry key="X-Username" value="admin"/>
  &lt;con:entry key="X-Password" value="admin"/>
&lt;/xml-fragment></con:setting></con:settings><con:endpoint>http://localhost:8080</con:endpoint><con:request/><con:originalUri>http://localhost/login</con:originalUri><con:credentials><con:authType>No Authorization</con:authType></con:credentials><con:jmsConfig JMSDeliveryMode="PERSISTENT"/><con:jmsPropertyConfig/><con:parameters/></con:request></con:method></con:resource></con:interface><con:interface xsi:type="con:RestService" id="5d869166-03da-4c16-90e1-69d8051cc4f9" wadlVersion="http://wadl.dev.java.net/2009/02" name="http://localhost:8080" type="rest" xmlns:xsi="http://www.w3.org/2001/XMLSchema-instance"><con:settings/><con:definitionCache type="TEXT" rootPart=""/><con:endpoints><con:endpoint>http://localhost:8080</con:endpoint></con:endpoints><con:resource name="Mytokens" path="/api/user/token" id="758a0f2b-46d7-4ec3-9d13-50870cf4026b"><con:settings/><con:parameters/><con:method name="Mytokens" id="29e4ea64-7a87-4ee0-94e0-dc3720da92a1" method="GET"><con:settings/><con:parameters/><con:representation type="FAULT"><con:mediaType>application/json;charset=UTF-8</con:mediaType><con:status>500 401</con:status><con:params/><con:element xmlns:myt="http://localhost/secure/mytokens">myt:Fault</con:element></con:representation><con:representation type="REQUEST"><con:mediaType>application/json</con:mediaType><con:params/></con:representation><con:representation type="RESPONSE"><con:mediaType xsi:nil="true"/><con:status>200</con:status><con:params/><con:element>data</con:element></con:representation><con:representation type="RESPONSE"><con:mediaType xsi:nil="true"/><con:status>200</con:status><con:params/><con:element>data</con:element></con:representation><con:representation type="RESPONSE"><con:mediaType xsi:nil="true"/><con:status>200</con:status><con:params/><con:element>data</con:element></con:representation><con:representation type="RESPONSE"><con:mediaType xsi:nil="true"/><con:status>200</con:status><con:params/><con:element>data</con:element></con:representation><con:request name="Request 1" id="ad3706c9-8aa0-42f3-8bc0-9cbbf1e4b5df" mediaType="application/json" postQueryString="false"><con:settings><con:setting id="com.eviware.soapui.impl.wsdl.WsdlRequest@request-headers">&lt;entry key="X-Auth-Token" value="S+2eKiNsZfWIuJFRYlLnIReWQ/RkGEDW4UKOtPSb2UY= " xmlns="http://eviware.com/soapui/config"/></con:setting></con:settings><con:endpoint>http://localhost:8080</con:endpoint><con:request/><con:originalUri>http://localhost/secure/mytokens</con:originalUri><con:credentials><con:username>admin</con:username><con:password>admin</con:password><con:selectedAuthProfile>Basic</con:selectedAuthProfile><con:addedBasicAuthenticationTypes>Basic</con:addedBasicAuthenticationTypes><con:preemptive>true</con:preemptive><con:authType>Preemptive</con:authType></con:credentials><con:jmsConfig JMSDeliveryMode="PERSISTENT"/><con:jmsPropertyConfig/><con:parameters/></con:request></con:method></con:resource></con:interface><con:interface xsi:type="con:RestService" id="a1cab265-0b4c-4059-9a2c-f977d4adfad8" wadlVersion="http://wadl.dev.java.net/2009/02" name="http://localhost:8080" type="rest" xmlns:xsi="http://www.w3.org/2001/XMLSchema-instance"><con:settings/><con:definitionCache type="TEXT" rootPart=""/><con:endpoints><con:endpoint>http://localhost:8080</con:endpoint></con:endpoints><con:resource name="Logout" path="/logout" id="ed3c1cf6-b591-4d64-9d8f-ac93703510ae"><con:settings/><con:parameters/><con:method name="Logout" id="417fc8bb-8e22-4074-819a-7d0e3e6464a2" method="POST"><con:settings/><con:parameters/><con:representation type="RESPONSE"><con:mediaType>text/plain;charset=UTF-8</con:mediaType><con:status>200</con:status><con:params/><con:element>data</con:element></con:representation><con:representation type="REQUEST"><con:mediaType>application/json</con:mediaType><con:params/></con:representation><con:representation type="FAULT"><con:mediaType>application/json;charset=UTF-8</con:mediaType><con:status>405</con:status><con:params/><con:element xmlns:log="http://localhost/logout">log:Fault</con:element></con:representation><con:representation type="RESPONSE"><con:mediaType xsi:nil="true"/><con:status>200</con:status><con:params/><con:element>data</con:element></con:representation><con:representation type="FAULT"><con:mediaType>application/hal+json;charset=UTF-8</con:mediaType><con:status>404</con:status><con:params/><con:element xmlns:log="http://localhost/logout">log:Fault</con:element></con:representation><con:representation type="RESPONSE"><con:mediaType xsi:nil="true"/><con:status>200</con:status><con:params/><con:element>data</con:element></con:representation><con:request name="Request 1" id="ea8ffc59-b901-4b0b-ad92-0851c0ba625c" mediaType="application/json" postQueryString="false"><con:settings><con:setting id="com.eviware.soapui.impl.wsdl.WsdlRequest@request-headers">&lt;xml-fragment/></con:setting></con:settings><con:endpoint>http://localhost:8080</con:endpoint><con:request/><con:credentials><con:authType>No Authorization</con:authType></con:credentials><con:jmsConfig JMSDeliveryMode="PERSISTENT"/><con:jmsPropertyConfig/><con:parameters/></con:request></con:method></con:resource></con:interface><con:testSuite id="859e16d0-7848-4729-83b2-ca0c9f56e50e" name="TestSuite 1"><con:settings/><con:runType>SEQUENTIAL</con:runType><con:testCase id="fef231bb-9bff-46ac-93ca-38198bacfbea" failOnError="true" failTestCaseOnErrors="true" keepSession="true" maxResults="0" name="TestCase 1" searchProperties="true" timeout="0" wsrmEnabled="false" wsrmVersion="1.0" wsrmAckTo="" amfAuthorisation="false" amfEndpoint="" amfLogin="" amfPassword=""><con:settings/><con:testStep type="restrequest" name="login" id="46842c31-d6aa-4ceb-b7b7-9be5de6c08cb"><con:settings/><con:config service="http://localhost:8080" resourcePath="/api/user/login" methodName="Login" xsi:type="con:RestRequestStep" xmlns:xsi="http://www.w3.org/2001/XMLSchema-instance"><con:restRequest name="login" id="107eb0fa-3242-4c10-a199-4558d9444fcf" mediaType="application/json" postQueryString="false"><con:settings><con:setting id="com.eviware.soapui.impl.wsdl.WsdlRequest@request-headers">&lt;xml-fragment xmlns:con="http://eviware.com/soapui/config">
  &lt;con:entry key="X-Username" value="${#TestCase#username}"/>
  &lt;con:entry key="X-Password" value="${#TestCase#password}"/>
&lt;/xml-fragment></con:setting></con:settings><con:endpoint>http://localhost:8080</con:endpoint><con:request/><con:originalUri>http://localhost/login</con:originalUri><con:credentials><con:username>admin</con:username><con:password>admin</con:password><con:selectedAuthProfile>No Authorization</con:selectedAuthProfile><con:addedBasicAuthenticationTypes>Basic</con:addedBasicAuthenticationTypes><con:authType>No Authorization</con:authType></con:credentials><con:jmsConfig JMSDeliveryMode="PERSISTENT"/><con:jmsPropertyConfig/><con:parameters/></con:restRequest></con:config></con:testStep><con:testStep type="groovy" name="Transfer token" id="80d6d3af-296e-4ce8-a384-c3928ca1de3c"><con:settings/><con:config><script>String token=testRunner.testCase.testSteps['login'].testRequest.response.responseHeaders['X-Auth-Token'][0]
testRunner.testCase.setPropertyValue('auth_token',token)</script></con:config></con:testStep><con:testStep type="restrequest" name="List all persons" id="0bd66369-ba8f-4d5c-bbc3-9ad179448dad"><con:settings/><con:config service="http://localhost:8080" resourcePath="/api/person/list" methodName="List" xsi:type="con:RestRequestStep" xmlns:xsi="http://www.w3.org/2001/XMLSchema-instance"><con:restRequest name="List all persons" id="29ae21b9-2d05-469e-97bf-9085a0c41e25" mediaType="application/json" postQueryString="false"><con:settings><con:setting id="com.eviware.soapui.impl.wsdl.WsdlRequest@request-headers">&lt;entry key="X-Auth-Token" value="${#TestCase#auth_token}" xmlns="http://eviware.com/soapui/config"/></con:setting></con:settings><con:endpoint>http://localhost:8080</con:endpoint><con:request/><con:originalUri>http://localhost/api/person/list</con:originalUri><con:assertion type="Valid HTTP Status Codes" id="0533af79-cf4a-49e1-a8ce-70ec38f1ad7d" name="Valid HTTP Status Codes"><con:configuration><codes>200</codes></con:configuration></con:assertion><con:credentials><con:username>admin</con:username><con:password>admin</con:password><con:selectedAuthProfile>No Authorization</con:selectedAuthProfile><con:addedBasicAuthenticationTypes>Basic</con:addedBasicAuthenticationTypes><con:preemptive>true</con:preemptive><con:authType>No Authorization</con:authType></con:credentials><con:jmsConfig JMSDeliveryMode="PERSISTENT"/><con:jmsPropertyConfig/><con:parameters/></con:restRequest></con:config></con:testStep><con:testStep type="restrequest" name="logout" id="bf4e8f1c-7013-410b-b1df-6364a89a5fb7"><con:settings/><con:config service="http://localhost:8080" resourcePath="/logout" methodName="Logout" xsi:type="con:RestRequestStep" xmlns:xsi="http://www.w3.org/2001/XMLSchema-instance"><con:restRequest name="logout" id="ea8ffc59-b901-4b0b-ad92-0851c0ba625c" mediaType="application/json" postQueryString="false"><con:settings><con:setting id="com.eviware.soapui.impl.wsdl.WsdlRequest@request-headers">&lt;entry key="X-Auth-Token" value="${#TestCase#auth_token}" xmlns="http://eviware.com/soapui/config"/></con:setting></con:settings><con:endpoint>http://localhost:8080</con:endpoint><con:request/><con:originalUri>http://localhost/logout</con:originalUri><con:assertion type="Valid HTTP Status Codes" id="51e7182e-8fb0-4bba-a1df-56336a6cc6a8" name="Valid HTTP Status Codes"><con:configuration><codes>200</codes></con:configuration></con:assertion><con:credentials><con:authType>No Authorization</con:authType></con:credentials><con:jmsConfig JMSDeliveryMode="PERSISTENT"/><con:jmsPropertyConfig/><con:parameters/></con:restRequest></con:config></con:testStep><con:properties><con:property><con:name>auth_token</con:name><con:value>C0jctGf+vjUMjdqMi7lnlR7GyLmbpsbR3hDa+OYEHF4=</con:value></con:property><con:property><con:name>username</con:name><con:value>admin</con:value></con:property><con:property><con:name>password</con:name><con:value>admin</con:value></con:property></con:properties><con:reportParameters/><con:breakPoints><con:testStepId>46842c31-d6aa-4ceb-b7b7-9be5de6c08cb</con:testStepId><con:status>NONE</con:status><con:properties/></con:breakPoints><con:breakPoints><con:testStepId>bf4e8f1c-7013-410b-b1df-6364a89a5fb7</con:testStepId><con:status>NONE</con:status><con:properties/></con:breakPoints><con:breakPoints><con:testStepId>0bd66369-ba8f-4d5c-bbc3-9ad179448dad</con:testStepId><con:status>NONE</con:status><con:properties/></con:breakPoints></con:testCase><con:properties/><con:reportParameters/></con:testSuite><con:requirements/><con:properties/><con:wssContainer/><con:databaseConnectionContainer/><con:oAuth2ProfileContainer/><con:oAuth1ProfileContainer/><con:reporting><con:reportTemplates/><con:xmlTemplates/><con:parameters/></con:reporting><con:sensitiveInformation/></con:soapui-project>