<?xml version="1.0" encoding="UTF-8"?>
<con:soapui-project id="9923a227-5952-4d8a-8ca5-7fc212eee152" activeEnvironment="Default" name="Banking Project" resourceRoot="${projectDir}" soapui-version="5.4.0" abortOnError="false" runType="SEQUENTIAL" xmlns:con="http://eviware.com/soapui/config"><con:settings/><con:interface xsi:type="con:WsdlInterface" id="ceec073f-237c-4cb7-b796-8c152be1ba6a" wsaVersion="NONE" name="BLZServiceSOAP11Binding" type="wsdl" bindingName="{http://thomas-bayer.com/blz/}BLZServiceSOAP11Binding" soapVersion="1_1" anonymous="optional" definition="http://www.thomas-bayer.com/axis2/services/BLZService?wsdl" xmlns:xsi="http://www.w3.org/2001/XMLSchema-instance"><con:settings/><con:definitionCache/><con:endpoints><con:endpoint>http://www.thomas-bayer.com/axis2/services/BLZService</con:endpoint></con:endpoints><con:operation id="d4aaddf5-0c60-4915-b4d8-9b9fca965bc3" isOneWay="false" action="" name="getBank" bindingOperationName="getBank" type="Request-Response" inputName="" receivesAttachments="false" sendsAttachments="false" anonymous="optional"><con:settings/><con:call id="ba8b4d56-6dd7-46f5-a4d5-6294e06cc25a" name="Request 1"><con:settings><con:setting id="com.eviware.soapui.impl.wsdl.WsdlRequest@request-headers">&lt;xml-fragment/></con:setting></con:settings><con:encoding>UTF-8</con:encoding><con:endpoint>http://www.thomas-bayer.com/axis2/services/BLZService</con:endpoint><con:request><![CDATA[<soapenv:Envelope xmlns:soapenv="http://schemas.xmlsoap.org/soap/envelope/" xmlns:blz="http://thomas-bayer.com/blz/">\r
   <soapenv:Header/>\r
   <soapenv:Body>\r
      <blz:getBank>\r
         <blz:blz>28069994</blz:blz>\r
      </blz:getBank>\r
   </soapenv:Body>\r
</soapenv:Envelope>]]></con:request><con:credentials><con:authType>No Authorization</con:authType></con:credentials><con:jmsConfig JMSDeliveryMode="PERSISTENT"/><con:jmsPropertyConfig/><con:wsaConfig mustUnderstand="NONE" version="200508" action="http://thomas-bayer.com/blz/BLZServicePortType/getBankRequest"/><con:wsrmConfig version="1.2"/></con:call></con:operation></con:interface><con:interface xsi:type="con:WsdlInterface" id="a0118e79-1477-4d8e-982a-435c6d5db9fe" wsaVersion="NONE" name="BLZServiceSOAP12Binding" type="wsdl" bindingName="{http://thomas-bayer.com/blz/}BLZServiceSOAP12Binding" soapVersion="1_2" anonymous="optional" definition="http://www.thomas-bayer.com/axis2/services/BLZService?wsdl" xmlns:xsi="http://www.w3.org/2001/XMLSchema-instance"><con:settings/><con:definitionCache type="TEXT" rootPart="http://www.thomas-bayer.com/axis2/services/BLZService?wsdl"><con:part><con:url>http://www.thomas-bayer.com/axis2/services/BLZService?wsdl</con:url><con:content><![CDATA[<wsdl:definitions targetNamespace="http://thomas-bayer.com/blz/" xmlns:wsdl="http://schemas.xmlsoap.org/wsdl/" xmlns="http://schemas.xmlsoap.org/wsdl/" xmlns:wsaw="http://www.w3.org/2006/05/addressing/wsdl" xmlns:http="http://schemas.xmlsoap.org/wsdl/http/" xmlns:tns="http://thomas-bayer.com/blz/" xmlns:xsd="http://www.w3.org/2001/XMLSchema" xmlns:mime="http://schemas.xmlsoap.org/wsdl/mime/" xmlns:soap="http://schemas.xmlsoap.org/wsdl/soap/" xmlns:soap12="http://schemas.xmlsoap.org/wsdl/soap12/">
  <wsdl:documentation>BLZService</wsdl:documentation>
  <wsdl:types>
    <xsd:schema attributeFormDefault="unqualified" elementFormDefault="qualified" targetNamespace="http://thomas-bayer.com/blz/">
      <xsd:element name="getBank" type="tns:getBankType"/>
      <xsd:element name="getBankResponse" type="tns:getBankResponseType"/>
      <xsd:complexType name="getBankType">
        <xsd:sequence>
          <xsd:element name="blz" type="xsd:string"/>
        </xsd:sequence>
      </xsd:complexType>
      <xsd:complexType name="getBankResponseType">
        <xsd:sequence>
          <xsd:element name="details" type="tns:detailsType"/>
        </xsd:sequence>
      </xsd:complexType>
      <xsd:complexType name="detailsType">
        <xsd:sequence>
          <xsd:element minOccurs="0" name="bezeichnung" type="xsd:string"/>
          <xsd:element minOccurs="0" name="bic" type="xsd:string"/>
          <xsd:element minOccurs="0" name="ort" type="xsd:string"/>
          <xsd:element minOccurs="0" name="plz" type="xsd:string"/>
        </xsd:sequence>
      </xsd:complexType>
    </xsd:schema>
  </wsdl:types>
  <wsdl:message name="getBank">
    <wsdl:part name="parameters" element="tns:getBank"/>
  </wsdl:message>
  <wsdl:message name="getBankResponse">
    <wsdl:part name="parameters" element="tns:getBankResponse"/>
  </wsdl:message>
  <wsdl:portType name="BLZServicePortType">
    <wsdl:operation name="getBank">
      <wsdl:input message="tns:getBank"/>
      <wsdl:output message="tns:getBankResponse" wsaw:Action="http://thomas-bayer.com/blz/BLZService/getBankResponse"/>
    </wsdl:operation>
  </wsdl:portType>
  <wsdl:binding name="BLZServiceSOAP11Binding" type="tns:BLZServicePortType">
    <soap:binding style="document" transport="http://schemas.xmlsoap.org/soap/http"/>
    <wsdl:operation name="getBank">
      <soap:operation style="document" soapAction=""/>
      <wsdl:input>
        <soap:body use="literal"/>
      </wsdl:input>
      <wsdl:output>
        <soap:body use="literal"/>
      </wsdl:output>
    </wsdl:operation>
  </wsdl:binding>
  <wsdl:binding name="BLZServiceSOAP12Binding" type="tns:BLZServicePortType">
    <soap12:binding style="document" transport="http://schemas.xmlsoap.org/soap/http"/>
    <wsdl:operation name="getBank">
      <soap12:operation style="document" soapAction=""/>
      <wsdl:input>
        <soap12:body use="literal"/>
      </wsdl:input>
      <wsdl:output>
        <soap12:body use="literal"/>
      </wsdl:output>
    </wsdl:operation>
  </wsdl:binding>
  <wsdl:binding name="BLZServiceHttpBinding" type="tns:BLZServicePortType">
    <http:binding verb="POST"/>
    <wsdl:operation name="getBank">
      <http:operation location="BLZService/getBank"/>
      <wsdl:input>
        <mime:content part="getBank" type="text/xml"/>
      </wsdl:input>
      <wsdl:output>
        <mime:content part="getBank" type="text/xml"/>
      </wsdl:output>
    </wsdl:operation>
  </wsdl:binding>
  <wsdl:service name="BLZService">
    <wsdl:port name="BLZServiceSOAP11port_http" binding="tns:BLZServiceSOAP11Binding">
      <soap:address location="http://www.thomas-bayer.com/axis2/services/BLZService"/>
    </wsdl:port>
    <wsdl:port name="BLZServiceSOAP12port_http" binding="tns:BLZServiceSOAP12Binding">
      <soap12:address location="http://www.thomas-bayer.com/axis2/services/BLZService"/>
    </wsdl:port>
    <wsdl:port name="BLZServiceHttpport" binding="tns:BLZServiceHttpBinding">
      <http:address location="http://www.thomas-bayer.com/axis2/services/BLZService"/>
    </wsdl:port>
  </wsdl:service>
</wsdl:definitions>]]></con:content><con:type>http://schemas.xmlsoap.org/wsdl/</con:type></con:part></con:definitionCache><con:endpoints><con:endpoint>http://www.thomas-bayer.com/axis2/services/BLZService</con:endpoint></con:endpoints><con:operation id="2b9a8b51-fdb2-4f36-b2cd-63486e483d4d" isOneWay="false" action="" name="getBank" bindingOperationName="getBank" type="Request-Response" inputName="" receivesAttachments="false" sendsAttachments="false" anonymous="optional"><con:settings/><con:call id="e4a1e26d-7222-4eeb-b896-9f775cc051a7" name="Request 1"><con:settings/><con:encoding>UTF-8</con:encoding><con:endpoint>http://www.thomas-bayer.com/axis2/services/BLZService</con:endpoint><con:request><![CDATA[<soap:Envelope xmlns:soap="http://www.w3.org/2003/05/soap-envelope" xmlns:blz="http://thomas-bayer.com/blz/">\r
   <soap:Header/>\r
   <soap:Body>\r
      <blz:getBank>\r
         <blz:blz>?</blz:blz>\r
      </blz:getBank>\r
   </soap:Body>\r
</soap:Envelope>]]></con:request><con:wsaConfig mustUnderstand="NONE" version="200508" action="http://thomas-bayer.com/blz/BLZServicePortType/getBankRequest"/></con:call></con:operation></con:interface><con:testSuite id="9d3a0ccf-5c6f-4cb5-b908-4585e10be414" name="TS01_Bank service testing"><con:settings/><con:runType>SEQUENTIAL</con:runType><con:testCase id="6f582e33-e331-490f-b779-9e433a5a8490" failOnError="true" failTestCaseOnErrors="true" keepSession="false" maxResults="0" name="TC01_getBank operation" searchProperties="true"><con:settings/><con:testStep type="request" id="a1d3624d-6ed0-4a6b-ab13-e8cf4232c696" name="getBank - BLZ code request 28069994"><con:settings/><con:config xsi:type="con:RequestStep" xmlns:xsi="http://www.w3.org/2001/XMLSchema-instance"><con:interface>BLZServiceSOAP11Binding</con:interface><con:operation>getBank</con:operation><con:request name="getBank - BLZ code request 28069994" outgoingWss="" incomingWss="" timeout="" sslKeystore="" useWsAddressing="false" useWsReliableMessaging="false" wssPasswordType="" id="951d1b3d-4e92-4ad9-aa07-ff074acde3ec"><con:settings><con:setting id="com.eviware.soapui.impl.wsdl.WsdlRequest@request-headers">&lt;xml-fragment/></con:setting></con:settings><con:encoding>UTF-8</con:encoding><con:endpoint>http://www.thomas-bayer.com/axis2/services/BLZService</con:endpoint><con:request><![CDATA[<soapenv:Envelope xmlns:soapenv="http://schemas.xmlsoap.org/soap/envelope/" xmlns:blz="http://thomas-bayer.com/blz/">\r
   <soapenv:Header/>\r
   <soapenv:Body>\r
      <blz:getBank>\r
         <blz:blz>28069994</blz:blz>\r
      </blz:getBank>\r
   </soapenv:Body>\r
</soapenv:Envelope>]]></con:request><con:assertion type="SOAP Response" id="726119d7-1090-4e21-89e4-d93cb738da68" name="SOAP Response"/><con:credentials><con:authType>No Authorization</con:authType></con:credentials><con:jmsConfig JMSDeliveryMode="PERSISTENT"/><con:jmsPropertyConfig/><con:wsaConfig mustUnderstand="NONE" version="200508" action="http://thomas-bayer.com/blz/BLZServicePortType/getBankRequest"/><con:wsrmConfig version="1.2"/></con:request></con:config></con:testStep><con:properties/></con:testCase><con:testCase id="9e6fc92c-3789-4eed-9d3b-421a5065f8d9" failOnError="true" failTestCaseOnErrors="true" keepSession="false" maxResults="0" name="TC02_getBank operation testing 2" searchProperties="true"><con:settings/><con:testStep type="request" id="d30f265f-3229-48a4-968d-f339ac0439fc" name="getBank - Request for BLZ code 47852760"><con:settings/><con:config xsi:type="con:RequestStep" xmlns:xsi="http://www.w3.org/2001/XMLSchema-instance"><con:interface>BLZServiceSOAP11Binding</con:interface><con:operation>getBank</con:operation><con:request name="getBank - Request for BLZ code 47852760" outgoingWss="" incomingWss="" timeout="" sslKeystore="" useWsAddressing="false" useWsReliableMessaging="false" wssPasswordType="" id="5c28ad77-487d-4f48-9f48-6d923272c0b5"><con:settings><con:setting id="com.eviware.soapui.impl.wsdl.WsdlRequest@request-headers">&lt;xml-fragment/></con:setting></con:settings><con:encoding>UTF-8</con:encoding><con:endpoint>http://www.thomas-bayer.com/axis2/services/BLZService</con:endpoint><con:request><![CDATA[<soapenv:Envelope xmlns:soapenv="http://schemas.xmlsoap.org/soap/envelope/" xmlns:blz="http://thomas-bayer.com/blz/">\r
   <soapenv:Header/>\r
   <soapenv:Body>\r
      <blz:getBank>\r
         <blz:blz>47852760</blz:blz>\r
      </blz:getBank>\r
   </soapenv:Body>\r
</soapenv:Envelope>]]></con:request><con:assertion type="SOAP Response" id="dab87aa1-482f-4bb2-8f2a-164972181bcf" name="SOAP Response"/><con:credentials><con:authType>No Authorization</con:authType></con:credentials><con:jmsConfig JMSDeliveryMode="PERSISTENT"/><con:jmsPropertyConfig/><con:wsaConfig mustUnderstand="NONE" version="200508" action="http://thomas-bayer.com/blz/BLZServicePortType/getBankRequest"/><con:wsrmConfig version="1.2"/></con:request></con:config></con:testStep><con:properties/></con:testCase><con:properties/></con:testSuite><con:testSuite id="bb08a07b-a356-479f-9b72-713196ba8a3c" name="TS02_Bank service testing"><con:settings/><con:runType>SEQUENTIAL</con:runType><con:testCase id="6bdda820-18cb-40f3-b567-95a56578435f" failOnError="true" failTestCaseOnErrors="true" keepSession="false" maxResults="0" name="TC03_getBank operation testing 2" searchProperties="true"><con:settings/><con:testStep type="request" id="6663fe3d-af94-4752-b8a8-6b8f0048f581" name="getBank - Request for BLZ code 30120764"><con:settings/><con:config xsi:type="con:RequestStep" xmlns:xsi="http://www.w3.org/2001/XMLSchema-instance"><con:interface>BLZServiceSOAP11Binding</con:interface><con:operation>getBank</con:operation><con:request name="getBank - Request for BLZ code 30120764" outgoingWss="" incomingWss="" timeout="" sslKeystore="" useWsAddressing="false" useWsReliableMessaging="false" wssPasswordType="" id="5c28ad77-487d-4f48-9f48-6d923272c0b5"><con:settings><con:setting id="com.eviware.soapui.impl.wsdl.WsdlRequest@request-headers">&lt;xml-fragment/></con:setting></con:settings><con:encoding>UTF-8</con:encoding><con:endpoint>http://www.thomas-bayer.com/axis2/services/BLZService</con:endpoint><con:request><![CDATA[<soapenv:Envelope xmlns:soapenv="http://schemas.xmlsoap.org/soap/envelope/" xmlns:blz="http://thomas-bayer.com/blz/">\r
   <soapenv:Header/>\r
   <soapenv:Body>\r
      <blz:getBank>\r
         <blz:blz>30120764</blz:blz>\r
      </blz:getBank>\r
   </soapenv:Body>\r
</soapenv:Envelope>]]></con:request><con:assertion type="SOAP Response" id="dab87aa1-482f-4bb2-8f2a-164972181bcf" name="SOAP Response"/><con:credentials><con:authType>No Authorization</con:authType></con:credentials><con:jmsConfig JMSDeliveryMode="PERSISTENT"/><con:jmsPropertyConfig/><con:wsaConfig mustUnderstand="NONE" version="200508" action="http://thomas-bayer.com/blz/BLZServicePortType/getBankRequest"/><con:wsrmConfig version="1.2"/></con:request></con:config></con:testStep><con:properties/></con:testCase><con:properties/></con:testSuite><con:testSuite id="d97c1880-b06a-4261-aab7-6f0dfd4ef15c" name="TS03_Bank service testing"><con:settings/><con:runType>SEQUENTIAL</con:runType><con:testCase id="6eb6b0e0-d7dc-46c5-90b9-6e372e6cb905" failOnError="true" failTestCaseOnErrors="true" keepSession="false" maxResults="0" name="TC01_getBank operation" searchProperties="true"><con:settings/><con:testStep type="request" id="dea2aa81-d1fc-4c31-8900-40ad9051e321" name="getBank - BLZ code request 28069994"><con:settings/><con:config xsi:type="con:RequestStep" xmlns:xsi="http://www.w3.org/2001/XMLSchema-instance"><con:interface>BLZServiceSOAP11Binding</con:interface><con:operation>getBank</con:operation><con:request name="getBank - BLZ code request 28069994" outgoingWss="" incomingWss="" timeout="" sslKeystore="" useWsAddressing="false" useWsReliableMessaging="false" wssPasswordType="" id="951d1b3d-4e92-4ad9-aa07-ff074acde3ec"><con:settings><con:setting id="com.eviware.soapui.impl.wsdl.WsdlRequest@request-headers">&lt;xml-fragment/></con:setting></con:settings><con:encoding>UTF-8</con:encoding><con:endpoint>http://www.thomas-bayer.com/axis2/services/BLZService</con:endpoint><con:request><![CDATA[<soapenv:Envelope xmlns:soapenv="http://schemas.xmlsoap.org/soap/envelope/" xmlns:blz="http://thomas-bayer.com/blz/">\r
   <soapenv:Header/>\r
   <soapenv:Body>\r
      <blz:getBank>\r
         <blz:blz>28069994</blz:blz>\r
      </blz:getBank>\r
   </soapenv:Body>\r
</soapenv:Envelope>]]></con:request><con:assertion type="SOAP Response" id="726119d7-1090-4e21-89e4-d93cb738da68" name="SOAP Response"/><con:credentials><con:authType>No Authorization</con:authType></con:credentials><con:jmsConfig JMSDeliveryMode="PERSISTENT"/><con:jmsPropertyConfig/><con:wsaConfig mustUnderstand="NONE" version="200508" action="http://thomas-bayer.com/blz/BLZServicePortType/getBankRequest"/><con:wsrmConfig version="1.2"/></con:request></con:config></con:testStep><con:properties/></con:testCase><con:testCase id="450821ab-2764-4a63-b248-765099f95b26" failOnError="true" failTestCaseOnErrors="true" keepSession="false" maxResults="0" name="TC02_getBank operation testing 2" searchProperties="true"><con:settings/><con:testStep type="request" id="ffae4c17-9146-4781-ab07-3c1101010d58" name="getBank - Request for BLZ code 47852760"><con:settings/><con:config xsi:type="con:RequestStep" xmlns:xsi="http://www.w3.org/2001/XMLSchema-instance"><con:interface>BLZServiceSOAP11Binding</con:interface><con:operation>getBank</con:operation><con:request name="getBank - Request for BLZ code 47852760" outgoingWss="" incomingWss="" timeout="" sslKeystore="" useWsAddressing="false" useWsReliableMessaging="false" wssPasswordType="" id="5c28ad77-487d-4f48-9f48-6d923272c0b5"><con:settings><con:setting id="com.eviware.soapui.impl.wsdl.WsdlRequest@request-headers">&lt;xml-fragment/></con:setting></con:settings><con:encoding>UTF-8</con:encoding><con:endpoint>http://www.thomas-bayer.com/axis2/services/BLZService</con:endpoint><con:request><![CDATA[<soapenv:Envelope xmlns:soapenv="http://schemas.xmlsoap.org/soap/envelope/" xmlns:blz="http://thomas-bayer.com/blz/">\r
   <soapenv:Header/>\r
   <soapenv:Body>\r
      <blz:getBank>\r
         <blz:blz>47852760</blz:blz>\r
      </blz:getBank>\r
   </soapenv:Body>\r
</soapenv:Envelope>]]></con:request><con:assertion type="SOAP Response" id="dab87aa1-482f-4bb2-8f2a-164972181bcf" name="SOAP Response"/><con:credentials><con:authType>No Authorization</con:authType></con:credentials><con:jmsConfig JMSDeliveryMode="PERSISTENT"/><con:jmsPropertyConfig/><con:wsaConfig mustUnderstand="NONE" version="200508" action="http://thomas-bayer.com/blz/BLZServicePortType/getBankRequest"/><con:wsrmConfig version="1.2"/></con:request></con:config></con:testStep><con:properties/></con:testCase><con:properties/></con:testSuite><con:properties/><con:wssContainer/><con:oAuth2ProfileContainer/><con:oAuth1ProfileContainer/><con:sensitiveInformation/></con:soapui-project>